EMITEN,TGL_BUY,HARGA_BUY,LOT,MODAL,TGL_SELL,HARGA_SELL,PL_PCT,PL_RP,STATUS,STATUS_DETAIL
MITI,2026-10-01,292,1712,49990400,2026-10-01,276,-5.48,-2739200,CLOSE,LOSS
MPXL,2026-10-01,248,2016,49996800,2026-10-01,260,4.84,2419200,CLOSE,WIN
UVCR,2026-10-01,250,2000,50000000,2026-10-01,262,4.8,2400000,CLOSE,WIN
SGER,2026-10-01,740,675,49950000,,755,2.03,1012500,OPEN,OPEN
JARR,2026-10-01,3540,141,49914000,,3530,-0.28,-141000,OPEN,OPEN
SMIL,2026-10-01,446,1121,49996600,,464,4.04,2017800,OPEN,OPEN
SRSN,2026-10-01,129,3875,49987500,2026-10-01,135,4.65,2325000,CLOSE,WIN
TGUK,2026-10-02,106,4716,49989600,2026-10-02,111,4.72,2358000,CLOSE,WIN
DSSA,2026-10-02,1120,446,49952000,,1145,2.23,1115000,OPEN,OPEN
SOCI,2026-10-05,650,769,49985000,2026-10-05,615,-5.38,-2691500,CLOSE,LOSS
VKTR,2026-10-05,835,598,49933000,,825,-1.2,-598000,OPEN,OPEN
DSSA,2026-10-05,1140,438,49932000,,1145,0.44,219000,OPEN,OPEN
HUMI,2026-10-05,120,4166,49992000,,125,4.17,2083000,OPEN,OPEN
CYBR,2026-10-05,505,990,49995000,,490,-2.97,-1485000,OPEN,OPEN
SCMA,2026-10-05,178,2808,49982400,,179,0.56,280800,OPEN,OPEN
BLES,2026-10-05,193,2590,49987000,,198,2.59,1295000,OPEN,OPEN
COCO,2026-10-05,124,4032,49996800,2026-10-05,117,-5.65,-2822400,CLOSE,LOSS
POWR,2026-10-05,955,523,49946500,,975,2.09,1046000,OPEN,OPEN
