MESSAGE_ID,WAKTU_WIB,TIPE,EMITEN,HARGA_ENTRY,TP_RANGE,SL_PRICE,PROFIT_PCT,STATUS,IS_DUP
541807,2026-10-01 05:05:07,BUY,MITI,292,306-366,276,0.0,OPEN,0
541986,2026-10-01 11:51:26,TP,ENRG,1350,,,5.6,TP1 HIT,0
541995,2026-10-01 11:56:26,TP,ENRG,1350,,,5.6,Close di TP1,1
542003,2026-10-01 12:20:26,BUY,MPXL,248,260-310,234,0.0,OPEN,0
542004,2026-10-01 12:20:26,BUY,UVCR,250,262-312,236,0.0,OPEN,0
542005,2026-10-01 12:22:26,BUY,SGER,740,780-925,700,0.0,OPEN,0
542007,2026-10-01 12:25:26,BUY,JARR,3540,3720-4430,3360,0.0,OPEN,0
542008,2026-10-01 12:25:26,BUY,SMIL,446,468-560,422,0.0,OPEN,0
542009,2026-10-01 12:26:26,BUY,SRSN,129,135-174,122,0.0,OPEN,0
542048,2026-10-01 13:46:27,TP,HOPE,264,,,6.1,TP1 HIT,0
542054,2026-10-01 13:56:27,TP,HOPE,264,,,13.7,Trailing Stop -5% dari puncak,1
542114,2026-10-01 14:55:31,TP,UVCR,250,,,5.6,TP1 HIT,0
